Doctor Name,About
Prof. Dr. med. Frank Tacke,About not available
Prof. Dr. med. Britta Siegmund,About not available
Prof. Dr. med. Christoph Buhrer,About not available
Prof. Dr. med. Wolfgang Henrich,About not available
Prof. Dr. med. Kai-Uwe Eckardt,About not available
Prof. Dr. med. Ulrich-Wilhelm Thomale,About not available
Prof. Dr. med. Lars Bullinger,About not available
Prof. Dr. med. dent. Paul-Georg Jost-Brinkmann,About not available
Prof. Dr. med. Carsten Perka,About not available
Prof. Dr. med. Dr. h.c. Jalid Sehouli,About not available
Prof. Dr. med. Jens-Uwe Blohmer,About not available
"Prof. Dr. med. Wolfgang Ertel, FACS",About not available
Prof. Dr. med. Andreas Greiner,About not available
Prof. Dr. med. Stefan Mundlos,About not available
Prof. Dr. med. Ulrich Keilholz,About not available
Dr. med.  Georg Bohner,About not available
Prof. Dr. med. Ingo Fietze,About not available
Prof. Dr. med. Katharina Beyer,About not available
Prof. Dr. med. Joachim Spranger,About not available
Prof. Dr. med. Frank Mockenhaupt,About not available
"Prof. Dr. med. Antonia Joussen, FEBO",About not available
Prof. Dr. med. Johann Pratschke,About not available
Prof. Dr. med. Kamran Ghoreschi,About not available
PD. Dr. med. Veit Hofmann,About not available
Prof. Dr. med. Birgit Mazurek,About not available
Prof. Dr. med. Volkmar Falk,About not available
Prof. Dr. med. Christoph U. Correll,About not available
Prof. Dr. med. Karin Rothe,About not available
Prof. Dr. med. Peter Vajkoczy,About not available
Prof. Dr. med. Markus Mall,About not available
Prof. Dr. med. Klemens Raile,About not available
Prof. Dr. med. Matthias Endres,About not available
Prof. Dr. med. Martin Witzenrath,About not available
Prof. Dr. med. Felix Berger,About not available
Prof. Dr. med. Angela M. Kaindl,About not available
Prof. Dr. med. Angelika Eggert,About not available
Prof. Dr. med. Winfried Brenner,About not available
Prof. Dr. med. Bernd Hamm,About not available
Prof. Dr. med. dent. Max Heiland,About not available
Prof. Dr. med. Frank Buttgereit,About not available
