Hospital Name,Address,About
University Hospital Charite Berlin,Address not available,About not available
University Hospital Rechts der Isar Munich,Address not available,About not available
University Hospital Frankfurt am Main,Address not available,About not available
Beta Clinic Bonn,Address not available,About not available
Helios Hospital Berlin-Buch,Address not available,About not available
Rehabilitation Clinic Schmieder Heidelberg,Address not available,About not available
Neurological Rehabilitation Centre Godeshohe Bonn,Address not available,About not available
Teknon Medical Centre Barcelona,Address not available,About not available
University Hospital Munster,Address not available,About not available
University Hospital Saarland Homburg,Address not available,About not available
University Hospital Heidelberg,Address not available,About not available
University Hospital Tubingen,Address not available,About not available
University Hospital Ulm,Address not available,About not available
University Hospital Halle (Saale),Address not available,About not available
University Hospital Carl Gustav Carus Dresden,Address not available,About not available
Hannover Medical School Hospital,Address not available,About not available
University Hospital Schleswig-Holstein Kiel,Address not available,About not available
Immuno-Oncological Center IOZK Cologne,Address not available,About not available
University Hospital Greifswald,Address not available,About not available
Hadassah University Medical Centre Jerusalem,Address not available,About not available
University Hospital Otto-von-Guericke Magdeburg,Address not available,About not available
University Hospital Rostock,Address not available,About not available
Ichilov Sourasky Medical Centre Tel Aviv,Address not available,About not available
Memorial Bahcelievler Hospital Istanbul,Address not available,About not available
Istinye University Hospital Bahcesehir Istanbul,Address not available,About not available
Constance Care Robotic Rehabilitation Centre Warsaw,Address not available,About not available
University Pediatric Hospital Sant Joan de Deu Barcelona,Address not available,About not available
Anadolu Medical Centre,Address not available,About not available
University Hospital Krakow,Address not available,About not available
Academic Hospital Na Homolce Prague,Address not available,About not available
Gennet Clinic Archa Prague,Address not available,About not available
MINUTE Medical Vienna,Address not available,About not available
Immucura Marbella,Address not available,About not available
M1 Private Clinic Munich,Address not available,About not available
Urological Clinic Munich-Planegg,Address not available,About not available
University Hospital Ludwig-Maximilians Munich,Address not available,About not available
Park Clinic Weissensee Berlin,Address not available,About not available
Rehabilitation Clinic Jagerwinkel Bad Wiessee,Address not available,About not available
Marien Hospital Marl,Address not available,About not available
Academic Hospital Sachsenhausen Frankfurt am Main,Address not available,About not available
